{"Vertices":{"Positions":[-2057.818848,-2057.818848,9.155273438e-05,2057.818848,-2057.818848,9.155273438e-05,-2057.818848,2057.818848,-9.155273438e-05,2057.818848,-2057.818848,9.155273438e-05,2057.818848,2057.818848,-9.155273438e-05,-2057.818848,2057.818848,-9.155273438e-05],"UVs":[0,1,1,1,0,0,1,1,1,0,0,0]},"Indices":[0,1,2,3,4,5]}